{
    "random_forest": {
        "roc_auc_mean": 0.8312950956472195,
        "roc_auc_std": 0.004845633908045004,
        "pr_auc_mean": 0.3446295750960407,
        "pr_auc_std": 0.011462225966939028,
        "f1_mean": 0.24658761099998183,
        "f1_std": 0.0053029790265377245,
        "confusion_matrix_sum": [
            [
                138052,
                1330
            ],
            [
                8414,
                1595
            ]
        ]
    },
    "xgboost": {
        "roc_auc_mean": 0.8646821755376793,
        "roc_auc_std": 0.0037488510531676743,
        "pr_auc_mean": 0.39882405692307127,
        "pr_auc_std": 0.010932052883275934,
        "f1_mean": 0.288848431629363,
        "f1_std": 0.006327435895136651,
        "confusion_matrix_sum": [
            [
                138132,
                1250
            ],
            [
                8108,
                1901
            ]
        ]
    },
    "lightgbm": {
        "roc_auc_mean": 0.8636489473643223,
        "roc_auc_std": 0.003522284846901138,
        "pr_auc_mean": 0.39652699675886016,
        "pr_auc_std": 0.01121486688484283,
        "f1_mean": 0.2850638104730475,
        "f1_std": 0.008696087770597391,
        "confusion_matrix_sum": [
            [
                138128,
                1254
            ],
            [
                8136,
                1873
            ]
        ]
    }
}