{
    "roc_auc": 0.8599006627188253,
    "pr_auc": 0.38625452811943467,
    "f1_score": 0.33181058495821725,
    "confusion_matrix": [
        [
            22392,
            5485
        ],
        [
            512,
            1489
        ]
    ]
}